Date mutation,Nature mutation,Valeur fonciere,Code postal,Commune,Code departement,Type local,Surface reelle bati,Nombre pieces principales,Surface terrain
13/02/2025,Vente,"1320000,00",1220.0,DIVONNE-LES-BAINS,1,Maison,226.0,8.0,1000.0
27/02/2025,Vente,"137570,00",1130.0,LE POIZAT-LALLEYRIAT,1,Maison,108.0,5.0,134.0
29/01/2025,Vente,"1155000,00",1170.0,GEX,1,Appartement,25.0,1.0,515.0
21/02/2025,Vente,"319000,00",1640.0,ABERGEMENT-DE-VAREY (L ),1,Maison,387.0,12.0,618.0
07/02/2025,Vente,"249000,00",1340.0,SAINT-DIDIER-D AUSSIAT,1,Maison,157.0,4.0,500.0
31/01/2025,Vente,"215000,00",1150.0,LAGNIEU,1,Maison,90.0,4.0,194.0
13/02/2025,Vente,"265000,00",1450.0,LEYSSARD,1,Maison,100.0,4.0,129.0
24/01/2025,Vente,"230000,00",1960.0,PERONNAS,1,Maison,32.0,1.0,731.0
21/02/2025,Vente,"920000,00",1100.0,BELLIGNAT,1,Appartement,30.0,2.0,678.0
21/02/2025,Vente,"419000,00",1140.0,PEYZIEUX-SUR-SAONE,1,Maison,152.0,5.0,1522.0
21/02/2025,Vente,"920000,00",1100.0,BELLIGNAT,1,Appartement,58.0,3.0,678.0
17/01/2025,Vente,"27600,00",1150.0,VAUX-EN-BUGEY,1,Maison,53.0,3.0,76.0
09/01/2025,Vente,"243000,00",1540.0,PERREX,1,Maison,101.0,4.0,686.0
30/01/2025,Vente,"400000,00",1350.0,CEYZERIEU,1,Maison,137.0,4.0,1000.0
31/01/2025,Vente,"280000,00",1250.0,SAINT-JUST,1,Maison,102.0,4.0,529.0
30/01/2025,Echange,"6188,00",1220.0,GRILLY,1,Appartement,76.0,3.0,9.0
16/01/2025,Vente,"330000,00",1400.0,NEUVILLE-LES-DAMES,1,Maison,200.0,5.0,4356.0
08/01/2025,Vente,"132000,00",1300.0,BELLEY,1,Maison,92.0,3.0,377.0
12/03/2025,Vente,"350000,00",1540.0,VONNAS,1,Maison,125.0,5.0,921.0
24/01/2025,Vente,"305000,00",1300.0,PARVES ET NATTAGES,1,Maison,140.0,5.0,918.0
29/01/2025,Vente,"254825,95",1250.0,CEYZERIAT,1,Appartement,88.0,3.0,498.0
25/02/2025,Vente,"164000,00",1560.0,LESCHEROUX,1,Maison,80.0,2.0,2185.0
29/01/2025,Vente,"100000,00",1320.0,CHALAMONT,1,Maison,100.0,5.0,842.0
11/03/2025,Vente,"230000,00",1300.0,CONTREVOZ,1,Maison,95.0,7.0,1346.0
07/02/2025,Vente,"260000,00",1320.0,CHALAMONT,1,Maison,95.0,4.0,400.0
12/02/2025,Vente,"370000,00",1600.0,TREVOUX,1,Maison,82.0,4.0,1050.0
25/02/2025,Vente,"279000,00",1290.0,SAINT-ANDRE-D HUIRIAT,1,Maison,115.0,5.0,797.0
06/02/2025,Vente,"300000,00",1000.0,SAINT-DENIS-LES-BOURG,1,Maison,97.0,4.0,1002.0
06/01/2025,Vente,"213000,00",1100.0,OYONNAX,1,Maison,78.0,4.0,73.0
31/01/2025,Vente,"268000,00",1540.0,VONNAS,1,Maison,107.0,5.0,902.0
21/02/2025,Vente,"225000,00",1640.0,JUJURIEUX,1,Maison,122.0,6.0,1115.0
14/03/2025,Vente,"147000,00",1500.0,AMBRONAY,1,Maison,55.0,4.0,377.0
27/02/2025,Vente,"159000,00",1370.0,COURMANGOUX,1,Maison,105.0,5.0,231.0
28/01/2025,Vente,"785000,00",1630.0,ST-JEAN-DE-GONVILLE,1,Maison,197.0,7.0,1000.0
08/01/2025,Vente,"350000,00",1320.0,CHALAMONT,1,Maison,115.0,5.0,1380.0
24/01/2025,Vente,"160000,00",1510.0,ARTEMARE,1,Appartement,104.0,4.0,301.0
26/02/2025,Vente,"440000,00",1480.0,FRANS,1,Maison,127.0,5.0,348.0
13/03/2025,Vente,"300000,00",1160.0,PONT-D AIN,1,Maison,80.0,4.0,669.0
22/01/2025,Vente,"111000,00",1500.0,AMBRONAY,1,Maison,135.0,6.0,266.0
02/01/2025,Vente,"100000,00",1000.0,BOURG-EN-BRESSE,1,Maison,50.0,2.0,152.0
18/02/2025,Vente,"364000,00",1700.0,BEYNOST,1,Maison,89.0,4.0,661.0
06/03/2025,Vente,"1800,00",1560.0,VERNOUX,1,Maison,105.0,4.0,1204.0
27/02/2025,Vente,"165000,00",1510.0,VIRIEU-LE-GRAND,1,Maison,98.0,3.0,320.0
23/01/2025,Vente,"235850,00",1190.0,REYSSOUZE,1,Maison,97.0,5.0,433.0
07/02/2025,Vente,"200000,00",1100.0,OYONNAX,1,Maison,90.0,5.0,934.0
06/02/2025,Vente,"405000,00",1350.0,ANGLEFORT,1,Maison,134.0,6.0,759.0
06/01/2025,Vente,"160000,00",1680.0,MARCHAMP,1,Maison,138.0,6.0,104.0
05/03/2025,Vente,"550000,00",1600.0,PARCIEUX,1,Maison,99.0,4.0,570.0
11/03/2025,Vente,"401900,00",1510.0,SAINT-MARTIN-DE-BAVEL,1,Maison,120.0,8.0,940.0
07/02/2025,Vente,"275000,00",1300.0,BELLEY,1,Maison,116.0,5.0,1756.0
14/03/2025,Vente,"245000,00",1160.0,PRIAY,1,Maison,83.0,4.0,646.0
14/01/2025,Vente,"785000,00",1700.0,NEYRON,1,Maison,180.0,5.0,525.0
04/02/2025,Vente,"185000,00",1990.0,CHANEINS,1,Maison,90.0,6.0,583.0
13/02/2025,Vente,"250000,00",1550.0,POUGNY,1,Maison,77.0,3.0,245.0
13/01/2025,Vente,"460000,00",1800.0,VILLIEU-LOYES-MOLLON,1,Maison,140.0,7.0,500.0
14/02/2025,Vente,"133000,00",1370.0,VAL-REVERMONT,1,Maison,82.0,3.0,537.0
10/02/2025,Vente,"235000,00",1380.0,SAINT-ANDRE-DE-BAGE,1,Maison,88.0,4.0,533.0
12/02/2025,Vente,"100000,00",1110.0,PLATEAU D'HAUTEVILLE,1,Appartement,270.0,8.0,804.0
16/01/2025,Vente,"330000,00",1400.0,NEUVILLE-LES-DAMES,1,Maison,200.0,5.0,1503.0
02/01/2025,Vente,"1200670,00",1170.0,CESSY,1,Maison,199.0,6.0,588.0
21/03/2025,Vente,"315000,00",1320.0,SAINT-NIZIER-LE-DESERT,1,Maison,152.0,5.0,932.0
18/02/2025,Vente,"750000,00",1800.0,SAINT-MAURICE-DE-GOURDANS,1,Appartement,26.0,1.0,545.0
16/01/2025,Vente,"215000,00",1200.0,VALSERHONE,1,Appartement,45.0,2.0,103.0
27/01/2025,Vente,"325000,00",1320.0,CHALAMONT,1,Maison,147.0,7.0,50.0
06/01/2025,Vente,"85000,00",1750.0,REPLONGES,1,Maison,160.0,4.0,975.0
09/01/2025,Vente,"265000,00",1250.0,JASSERON,1,Maison,138.0,7.0,500.0
28/02/2025,Vente,"148000,00",1570.0,FEILLENS,1,Appartement,84.0,4.0,369.0
11/02/2025,Vente,"270800,00",1580.0,SAMOGNAT,1,Maison,97.0,4.0,701.0
30/01/2025,Vente,"285000,00",1140.0,SAINT-DIDIER-SUR-CHALARONNE,1,Maison,157.0,5.0,927.0
16/01/2025,Vente,"660000,00",1140.0,ST-ETIENNE-SUR-CHALARONNE,1,Maison,202.0,5.0,540.0
20/01/2025,Vente,"205000,00",1340.0,SAINT-DIDIER-D AUSSIAT,1,Maison,98.0,4.0,753.0
30/01/2025,Vente,"185000,00",1960.0,PERONNAS,1,Maison,74.0,4.0,500.0
25/02/2025,Vente,"266270,00",1750.0,REPLONGES,1,Maison,141.0,4.0,801.0
06/01/2025,Vente,"272500,00",1340.0,MARSONNAS,1,Maison,156.0,5.0,1200.0
07/01/2025,Vente,"650000,00",1400.0,CHATILLON-SUR-CHALARONNE,1,Maison,270.0,8.0,450.0
16/01/2025,Vente,"87000,00",1290.0,PONT-DE-VEYLE,1,Maison,71.0,2.0,385.0
25/02/2025,Vente,"110000,00",1800.0,MEXIMIEUX,1,Maison,108.0,4.0,474.0
20/01/2025,Vente,"240000,00",1140.0,ILLIAT,1,Maison,97.0,4.0,318.0
13/02/2025,Vente,"185000,00",1600.0,REYRIEUX,1,Maison,55.0,2.0,562.0
20/01/2025,Vente,"165000,00",1460.0,MONTREAL LA CLUSE,1,Appartement,60.0,1.0,245.0
20/02/2025,Vente,"620000,00",1210.0,FERNEY-VOLTAIRE,1,Appartement,33.0,1.0,249.0
06/02/2025,Vente,"199000,00",1200.0,BILLIAT,1,Maison,49.0,3.0,250.0
12/02/2025,Vente,"216000,00",1310.0,POLLIAT,1,Maison,140.0,5.0,562.0
06/02/2025,Vente,"319500,00",1190.0,CHAVANNES-SUR-REYSSOUZE,1,Appartement,60.0,2.0,2957.0
06/02/2025,Vente,"200000,00",1800.0,MEXIMIEUX,1,Maison,82.0,4.0,394.0
25/02/2025,Vente,"240000,00",1300.0,BELLEY,1,Maison,103.0,5.0,1062.0
24/02/2025,Vente,"339329,00",1130.0,ECHALLON,1,Maison,121.0,6.0,2145.0
13/03/2025,Vente,"230000,00",1800.0,MEXIMIEUX,1,Appartement,25.0,1.0,95.0
06/02/2025,Vente,"515000,00",1170.0,GEX,1,Appartement,52.0,3.0,72.0
08/01/2025,Vente,"267287,00",1120.0,MONTLUEL,1,Maison,78.0,3.0,191.0
07/02/2025,Vente,"249000,00",1340.0,SAINT-DIDIER-D AUSSIAT,1,Maison,157.0,4.0,5153.0
21/02/2025,Vente,"920000,00",1100.0,BELLIGNAT,1,Appartement,34.0,2.0,678.0
12/02/2025,Vente,"420000,00",1200.0,VALSERHONE,1,Maison,128.0,6.0,972.0
26/02/2025,Vente,"314000,00",1250.0,CEYZERIAT,1,Maison,112.0,6.0,976.0
12/02/2025,Vente,"1065000,00",1630.0,ST-GENIS-POUILLY,1,Appartement,105.0,4.0,397.0
12/03/2025,Vente,"212000,00",1190.0,PONT-DE-VAUX,1,Maison,117.0,4.0,1007.0
26/02/2025,Vente,"860000,00",1710.0,THOIRY,1,Maison,380.0,7.0,2044.0
20/02/2025,Vente,"690000,00",1280.0,PREVESSIN-MOENS,1,Maison,150.0,5.0,487.0
14/02/2025,Vente,"163000,00",1480.0,FAREINS,1,Maison,135.0,5.0,993.0
27/02/2025,Vente,"159000,00",1370.0,COURMANGOUX,1,Maison,105.0,5.0,468.0
04/03/2025,Vente,"335000,00",1800.0,MEXIMIEUX,1,Maison,140.0,7.0,313.0
13/01/2025,Vente,"165000,00",1290.0,SAINT-JEAN-SUR-VEYLE,1,Maison,81.0,4.0,378.0
22/01/2025,Vente,"416000,00",1400.0,NEUVILLE-LES-DAMES,1,Maison,300.0,8.0,335.0
24/01/2025,Vente,"148000,00",1190.0,CHEVROUX,1,Appartement,49.0,3.0,621.0
13/03/2025,Vente,"280000,00",1200.0,INJOUX-GENISSIAT,1,Maison,90.0,4.0,624.0
24/01/2025,Vente,"230000,00",1960.0,PERONNAS,1,Maison,108.0,5.0,731.0
10/02/2025,Vente,"280000,00",1400.0,CHATILLON-SUR-CHALARONNE,1,Maison,112.0,5.0,45.0
06/03/2025,Vente,"480000,00",1500.0,AMBRONAY,1,Maison,220.0,9.0,4962.0
25/02/2025,Vente,"70000,00",1230.0,TENAY,1,Appartement,75.0,4.0,593.0
20/01/2025,Vente,"339180,00",1120.0,DAGNEUX,1,Maison,100.0,5.0,750.0
06/02/2025,Vente,"20000,00",1580.0,IZERNORE,1,Maison,40.0,2.0,41.0
21/02/2025,Vente,"245000,00",1250.0,SAINT-JUST,1,Maison,104.0,5.0,889.0
06/02/2025,Vente,"199000,00",1200.0,BILLIAT,1,Maison,74.0,3.0,250.0
10/01/2025,Vente,"435000,00",1000.0,BOURG-EN-BRESSE,1,Appartement,24.0,1.0,131.0
07/02/2025,Vente,"330000,00",1000.0,BOURG-EN-BRESSE,1,Appartement,126.0,6.0,1060.0
26/02/2025,Vente,"200000,00",1350.0,CEYZERIEU,1,Maison,50.0,2.0,114.0
05/02/2025,Vente,"198000,00",1150.0,LAGNIEU,1,Maison,79.0,4.0,198.0
17/01/2025,Vente,"355000,00",1480.0,VILLENEUVE,1,Maison,97.0,5.0,982.0
07/01/2025,Vente,"259000,00",1000.0,BOURG-EN-BRESSE,1,Maison,125.0,6.0,305.0
10/02/2025,Vente,"661000,00",1390.0,TRAMOYES,1,Maison,138.0,4.0,1040.0
03/01/2025,Vente,"192000,40",1090.0,MONTCEAUX,1,Maison,87.0,3.0,402.0
03/03/2025,Vente,"182500,00",1960.0,PERONNAS,1,Appartement,41.0,2.0,784.0
31/01/2025,Vente,"355000,00",1250.0,CEYZERIAT,1,Maison,100.0,4.0,700.0
31/01/2025,Vente,"235000,00",1230.0,TORCIEU,1,Maison,102.0,4.0,530.0
09/01/2025,Vente,"314000,00",1240.0,MARLIEUX,1,Maison,119.0,4.0,800.0
17/01/2025,Vente,"455000,00",1700.0,MIRIBEL,1,Maison,136.0,4.0,500.0
05/03/2025,Vente,"116000,00",1240.0,SAINT-ANDRE-LE-BOUCHOUX,1,Maison,116.0,5.0,500.0
28/01/2025,Vente,"310000,00",1480.0,FAREINS,1,Maison,95.0,5.0,175.0
25/01/2025,Vente,"510000,00",1630.0,ST-GENIS-POUILLY,1,Maison,83.0,4.0,302.0
31/01/2025,Vente,"490000,00",1630.0,ST-GENIS-POUILLY,1,Maison,91.0,4.0,227.0
12/03/2025,Vente,"480000,00",1200.0,LEAZ,1,Maison,68.0,5.0,581.0
03/02/2025,Vente,"450000,00",1480.0,FAREINS,1,Maison,200.0,6.0,1032.0
10/02/2025,Vente,"345900,00",1340.0,ATTIGNAT,1,Maison,150.0,6.0,1000.0
11/03/2025,Vente,"300000,00",1190.0,REYSSOUZE,1,Maison,150.0,4.0,636.0
11/02/2025,Vente,"160000,00",1370.0,MEILLONNAS,1,Maison,97.0,4.0,1182.0
06/02/2025,Vente,"319000,00",1600.0,MISERIEUX,1,Maison,123.0,4.0,696.0
06/01/2025,Vente,"330000,00",1350.0,CULOZ-BEON,1,Maison,103.0,4.0,1037.0
07/01/2025,Vente,"468000,00",1550.0,FARGES,1,Maison,111.0,5.0,133.0
10/03/2025,Vente,"241500,00",1640.0,JUJURIEUX,1,Maison,86.0,3.0,1491.0
19/03/2025,Vente,"285000,00",1250.0,CEYZERIAT,1,Maison,106.0,5.0,748.0
06/03/2025,Vente,"220000,00",1851.0,MARBOZ,1,Maison,88.0,4.0,916.0
22/01/2025,Vente,"659630,00",1170.0,CESSY,1,Maison,105.0,6.0,385.0
12/03/2025,Vente,"240000,00",1430.0,CONDAMINE-LA-DOYE,1,Maison,97.0,4.0,1160.0
27/02/2025,Vente,"80000,00",1240.0,LENT,1,Maison,145.0,4.0,438.0
29/01/2025,Vente,"250000,00",1570.0,FEILLENS,1,Maison,140.0,5.0,791.0
05/02/2025,Vente,"310000,00",1300.0,CHAZEY-BONS,1,Maison,107.0,5.0,568.0
16/01/2025,Vente,"550698,00",1170.0,ECHENEVEX,1,Maison,17.0,1.0,454.0
11/02/2025,Vente,"303000,00",1240.0,MARLIEUX,1,Maison,103.0,5.0,640.0
28/01/2025,Vente,"130000,00",1130.0,NANTUA,1,Appartement,96.0,4.0,224.0
08/01/2025,Vente,"110000,00",1160.0,VARAMBON,1,Appartement,33.0,2.0,100.0
20/02/2025,Vente,"237000,00",1400.0,SANDRANS,1,Maison,63.0,2.0,500.0
20/02/2025,Vente,"123000,00",1300.0,ARBOYS EN BUGEY,1,Maison,100.0,3.0,74.0
14/03/2025,Vente,"255000,00",1150.0,BLYES,1,Maison,102.0,5.0,379.0
17/02/2025,Vente,"115000,00",1190.0,CHAVANNES-SUR-REYSSOUZE,1,Maison,91.0,5.0,342.0
10/03/2025,Vente,"241500,00",1640.0,JUJURIEUX,1,Maison,86.0,3.0,5590.0
28/01/2025,Vente,"260000,00",1570.0,FEILLENS,1,Maison,190.0,6.0,819.0
17/02/2025,Vente,"261905,00",1330.0,VILLARS-LES-DOMBES,1,Maison,98.0,5.0,723.0
27/02/2025,Vente,"375000,00",1600.0,TREVOUX,1,Maison,101.0,4.0,945.0
06/03/2025,Vente,"745000,00",1220.0,GRILLY,1,Maison,160.0,6.0,1013.0
15/01/2025,Vente,"210000,00",1240.0,LENT,1,Maison,88.0,4.0,841.0
19/02/2025,Vente,"200000,00",1340.0,ATTIGNAT,1,Maison,116.0,7.0,723.0
13/02/2025,Vente,"100000,00",1000.0,BOURG-EN-BRESSE,1,Appartement,55.0,2.0,418.0
28/02/2025,Vente,"320000,00",1500.0,AMBERIEU-EN-BUGEY,1,Maison,100.0,5.0,575.0
31/01/2025,Vente,"282500,00",1480.0,FAREINS,1,Maison,86.0,4.0,380.0
16/01/2025,Vente,"415000,00",1360.0,BELIGNEUX,1,Maison,190.0,6.0,378.0
10/01/2025,Vente,"1020000,00",1210.0,FERNEY-VOLTAIRE,1,Maison,140.0,5.0,930.0
20/01/2025,Vente,"455000,00",1400.0,CHANOZ-CHATENAY,1,Maison,143.0,4.0,700.0
06/01/2025,Vente,"272500,00",1340.0,MARSONNAS,1,Maison,156.0,5.0,2069.0
03/02/2025,Vente,"337000,00",1440.0,VIRIAT,1,Maison,132.0,7.0,837.0
24/01/2025,Vente,"124875,00",1340.0,MONTREVEL-EN-BRESSE,1,Maison,71.0,3.0,500.0
22/01/2025,Vente,"340000,00",1500.0,DOUVRES,1,Maison,168.0,4.0,803.0
10/01/2025,Vente,"132000,00",1400.0,NEUVILLE-LES-DAMES,1,Maison,75.0,3.0,108.0
07/02/2025,Vente,"1145150,00",1220.0,GRILLY,1,Maison,180.0,7.0,800.0
20/01/2025,Vente,"455000,00",1400.0,CHANOZ-CHATENAY,1,Maison,143.0,4.0,1295.0
04/03/2025,Vente,"371500,00",1190.0,BOZ,1,Maison,67.0,3.0,980.0
07/02/2025,Vente,"320000,00",1800.0,BOURG-SAINT-CHRISTOPHE,1,Maison,132.0,4.0,330.0
28/02/2025,Vente,"358070,00",1140.0,SAINT-DIDIER-SUR-CHALARONNE,1,Maison,159.0,5.0,886.0
05/03/2025,Vente,"550000,00",1600.0,PARCIEUX,1,Maison,99.0,4.0,500.0
10/02/2025,Vente,"276000,00",1500.0,AMBERIEU-EN-BUGEY,1,Maison,103.0,4.0,272.0
24/01/2025,Vente,"70500,00",1851.0,MARBOZ,1,Appartement,44.0,1.0,221.0
31/01/2025,Vente,"700000,00",1000.0,SAINT-DENIS-LES-BOURG,1,Appartement,49.0,3.0,1286.0
14/03/2025,Vente,"243000,00",1290.0,PONT-DE-VEYLE,1,Maison,73.0,4.0,1110.0
31/01/2025,Vente,"193500,00",1310.0,POLLIAT,1,Maison,73.0,3.0,533.0
20/01/2025,Vente,"165000,00",1460.0,MONTREAL LA CLUSE,1,Appartement,72.0,2.0,245.0
12/03/2025,Vente,"235800,00",1300.0,BELLEY,1,Maison,137.0,5.0,237.0
20/02/2025,Echange,"582000,00",1500.0,AMBERIEU-EN-BUGEY,1,Maison,232.0,7.0,1081.0
10/01/2025,Vente,"250000,00",1130.0,LE POIZAT-LALLEYRIAT,1,Maison,115.0,6.0,552.0
11/03/2025,Vente,"400000,00",1700.0,BEYNOST,1,Maison,96.0,5.0,544.0
13/01/2025,Vente,"245000,00",1340.0,FOISSIAT,1,Maison,105.0,5.0,700.0
31/01/2025,Vente,"260550,00",1250.0,SIMANDRE-SUR-SURAN,1,Maison,102.0,4.0,684.0
28/02/2025,Vente,"177300,00",1500.0,BETTANT,1,Maison,80.0,3.0,83.0
07/03/2025,Vente,"200000,00",1370.0,VAL-REVERMONT,1,Maison,89.0,5.0,962.0
10/03/2025,Vente,"300000,00",1150.0,LEYMENT,1,Maison,105.0,5.0,616.0
14/02/2025,Vente,"172000,00",1110.0,BRENOD,1,Maison,103.0,4.0,1145.0
17/01/2025,Vente,"144000,00",1140.0,PEYZIEUX-SUR-SAONE,1,Maison,50.0,1.0,1122.0
21/02/2025,Vente,"350000,00",1150.0,LEYMENT,1,Maison,110.0,4.0,1033.0
14/02/2025,Vente,"110000,00",1960.0,PERONNAS,1,Appartement,43.0,2.0,219.0
27/01/2025,Vente,"1000000,00",1170.0,GEX,1,Appartement,100.0,4.0,282.0
17/02/2025,Vente,"270000,00",1800.0,MEXIMIEUX,1,Maison,90.0,4.0,229.0
12/02/2025,Vente,"262000,00",1290.0,GRIEGES,1,Maison,104.0,5.0,779.0
27/02/2025,Vente,"280000,00",1470.0,MONTAGNIEU,1,Maison,94.0,4.0,236.0
09/01/2025,Vente,"1211150,00",1480.0,FAREINS,1,Maison,248.0,7.0,6000.0
22/01/2025,Vente,"440000,00",1550.0,COLLONGES,1,Maison,80.0,4.0,59.0
07/03/2025,Vente,"225000,00",1510.0,ORDONNAZ,1,Maison,104.0,4.0,5528.0
15/01/2025,Vente,"340000,00",1400.0,DOMPIERRE-SUR-CHALARONNE,1,Appartement,90.0,2.0,993.0
19/03/2025,Vente,"1093500,00",1170.0,GEX,1,Maison,200.0,7.0,820.0
11/03/2025,Vente,"175000,00",1340.0,MONTREVEL-EN-BRESSE,1,Appartement,52.0,1.0,398.0
21/02/2025,Vente,"440000,00",1120.0,THIL,1,Maison,103.0,5.0,1000.0
06/03/2025,Vente,"480000,00",1500.0,AMBRONAY,1,Maison,220.0,9.0,1000.0
22/01/2025,Vente,"332000,00",1400.0,CHANOZ-CHATENAY,1,Maison,102.0,4.0,1130.0
04/02/2025,Vente,"60000,00",1300.0,BELLEY,1,Maison,55.0,3.0,87.0
02/01/2025,Vente,"220000,00",1600.0,TREVOUX,1,Maison,75.0,3.0,241.0
07/02/2025,Vente,"174010,00",1500.0,AMBERIEU-EN-BUGEY,1,Appartement,72.0,4.0,364.0
18/03/2025,Vente,"255000,00",1140.0,GARNERANS,1,Maison,85.0,4.0,979.0
05/02/2025,Vente,"74000,00",1640.0,JUJURIEUX,1,Maison,44.0,1.0,53.0
27/01/2025,Vente,"1000000,00",1170.0,GEX,1,Maison,95.0,3.0,282.0
28/01/2025,Vente,"265000,00",1290.0,SAINT-JEAN-SUR-VEYLE,1,Maison,63.0,2.0,2505.0
21/02/2025,Vente,"210000,00",1160.0,PONT-D AIN,1,Appartement,44.0,3.0,153.0
09/01/2025,Vente,"179000,00",1560.0,CORMOZ,1,Maison,70.0,2.0,927.0
21/02/2025,Vente,"291500,00",1480.0,VILLENEUVE,1,Maison,242.0,7.0,1655.0
07/03/2025,Vente,"200000,00",1370.0,VAL-REVERMONT,1,Maison,89.0,5.0,1428.0
21/03/2025,Vente,"190000,00",1150.0,LAGNIEU,1,Maison,108.0,3.0,162.0
21/02/2025,Vente,"397320,00",1140.0,MOGNENEINS,1,Maison,110.0,3.0,893.0
06/02/2025,Vente,"319000,00",1600.0,MISERIEUX,1,Maison,123.0,4.0,500.0
11/03/2025,Vente,"175000,00",1340.0,MONTREVEL-EN-BRESSE,1,Appartement,64.0,2.0,398.0
07/02/2025,Vente,"340000,00",1500.0,AMBRONAY,1,Maison,168.0,4.0,227.0
07/03/2025,Vente,"319300,00",1380.0,BAGE-DOMMARTIN,1,Maison,124.0,5.0,639.0
31/01/2025,Vente,"260550,00",1250.0,SIMANDRE-SUR-SURAN,1,Maison,102.0,4.0,500.0
30/01/2025,Vente,"244550,00",1410.0,MIJOUX,1,Maison,90.0,3.0,1319.0
29/01/2025,Vente,"250000,00",1570.0,FEILLENS,1,Appartement,120.0,7.0,791.0
28/01/2025,Vente,"365000,00",1550.0,FARGES,1,Maison,144.0,6.0,266.0
06/03/2025,Vente,"205928,16",1000.0,SAINT-DENIS-LES-BOURG,1,Maison,85.0,4.0,153.0
19/02/2025,Vente,"248000,00",1090.0,MONTMERLE-SUR-SAONE,1,Maison,99.0,6.0,850.0
07/02/2025,Vente,"227000,00",1100.0,OYONNAX,1,Maison,60.0,3.0,310.0
03/03/2025,Vente,"239000,00",1960.0,PERONNAS,1,Maison,88.0,4.0,891.0
07/03/2025,Vente,"302000,00",1400.0,CHATILLON-SUR-CHALARONNE,1,Maison,104.0,5.0,712.0
21/03/2025,Vente,"315000,00",1320.0,SAINT-NIZIER-LE-DESERT,1,Maison,152.0,5.0,1599.0
29/01/2025,Vente,"194000,00",1270.0,COLIGNY,1,Maison,110.0,4.0,1009.0
14/02/2025,Vente,"361150,00",1390.0,CIVRIEUX,1,Maison,110.0,4.0,170.0
17/01/2025,Vente,"55,00",1430.0,ST-MARTIN-DU-FRESNE,1,Maison,147.0,6.0,55.0
10/02/2025,Vente,"280000,00",1410.0,MIJOUX,1,Appartement,65.0,2.0,22.0
12/02/2025,Vente,"358200,00",1320.0,VILLETTE-SUR-AIN,1,Maison,120.0,5.0,1000.0
24/02/2025,Vente,"180000,00",1960.0,PERONNAS,1,Maison,98.0,4.0,733.0
05/02/2025,Vente,"90000,00",1700.0,MIRIBEL,1,Maison,106.0,5.0,197.0
03/02/2025,Vente,"237000,00",1500.0,CHATEAU-GAILLARD,1,Maison,93.0,4.0,191.0
07/01/2025,Vente,"760000,00",1170.0,ECHENEVEX,1,Maison,200.0,6.0,220.0
09/01/2025,Vente,"440000,00",1600.0,SAINT-BERNARD,1,Maison,140.0,4.0,807.0
21/02/2025,Vente,"920000,00",1100.0,BELLIGNAT,1,Appartement,27.0,2.0,678.0
28/02/2025,Vente,"193000,00",1160.0,PRIAY,1,Maison,120.0,4.0,53.0
28/02/2025,Vente,"620000,00",1200.0,VALSERHONE,1,Maison,134.0,6.0,991.0
14/02/2025,Vente,"248000,00",1580.0,SAMOGNAT,1,Maison,102.0,3.0,126.0
23/01/2025,Vente,"13500,00",1250.0,SIMANDRE-SUR-SURAN,1,Maison,30.0,1.0,692.0
03/01/2025,Vente,"570000,00",1630.0,CHALLEX,1,Maison,118.0,3.0,186.0
09/01/2025,Vente,"991348,00",1550.0,POUGNY,1,Maison,196.0,6.0,125.0
18/02/2025,Vente,"750000,00",1800.0,SAINT-MAURICE-DE-GOURDANS,1,Appartement,18.0,1.0,545.0
06/03/2025,Vente,"750000,00",1220.0,DIVONNE-LES-BAINS,1,Appartement,31.0,2.0,703.0
12/03/2025,Vente,"285500,00",1000.0,SAINT-DENIS-LES-BOURG,1,Maison,72.0,5.0,563.0
26/02/2025,Vente,"273000,00",1250.0,CEYZERIAT,1,Maison,109.0,5.0,751.0
20/02/2025,Vente,"387000,00",1390.0,TRAMOYES,1,Maison,102.0,5.0,848.0
27/02/2025,Vente,"205000,00",1130.0,LES NEYROLLES,1,Maison,97.0,5.0,375.0
07/01/2025,Vente,"295000,00",1990.0,BANEINS,1,Maison,95.0,2.0,965.0
20/01/2025,Vente,"165000,00",1460.0,MONTREAL LA CLUSE,1,Appartement,59.0,2.0,245.0
30/01/2025,Vente,"240000,00",1960.0,SAINT-ANDRE-SUR-VIEUX-JONC,1,Maison,90.0,4.0,654.0
13/03/2025,Vente,"258000,00",1700.0,MIRIBEL,1,Appartement,71.0,3.0,105.0
26/02/2025,Vente,"194000,00",1370.0,SAINT-ETIENNE-DU-BOIS,1,Maison,94.0,5.0,964.0
30/01/2025,Vente,"170000,00",1960.0,PERONNAS,1,Maison,93.0,4.0,647.0
20/02/2025,Vente,"170660,00",1640.0,JUJURIEUX,1,Maison,67.0,4.0,423.0
30/01/2025,Vente,"220000,00",1800.0,SAINT-JEAN-DE-NIOST,1,Appartement,60.0,4.0,278.0
26/02/2025,Vente,"290000,00",1800.0,CHARNOZ-SUR-AIN,1,Maison,90.0,4.0,500.0
30/01/2025,Vente,"229063,00",1480.0,MESSIMY SUR SAONE,1,Maison,120.0,3.0,166.0
06/01/2025,Vente,"242500,00",1340.0,SAINT-DIDIER-D AUSSIAT,1,Maison,81.0,4.0,1564.0
10/03/2025,Vente,"467840,00",1480.0,JASSANS-RIOTTIER,1,Maison,128.0,7.0,1032.0
26/02/2025,Vente,"290000,00",1800.0,CHARNOZ-SUR-AIN,1,Maison,90.0,4.0,769.0
20/02/2025,Vente,"237000,00",1400.0,SANDRANS,1,Maison,63.0,2.0,1400.0
10/01/2025,Vente,"290000,00",1800.0,VILLIEU-LOYES-MOLLON,1,Maison,92.0,1.0,983.0
21/02/2025,Vente,"920000,00",1100.0,BELLIGNAT,1,Appartement,53.0,3.0,678.0
09/01/2025,Vente,"230000,00",1800.0,MEXIMIEUX,1,Maison,108.0,4.0,84.0
10/01/2025,Vente,"379900,00",1700.0,MIRIBEL,1,Maison,92.0,4.0,688.0
31/01/2025,Vente,"215000,00",1250.0,HAUTECOURT-ROMANECHE,1,Maison,120.0,4.0,500.0
29/01/2025,Vente,"1155000,00",1170.0,GEX,1,Appartement,18.0,1.0,515.0
23/01/2025,Vente,"185000,00",1510.0,VIRIEU-LE-GRAND,1,Maison,123.0,4.0,180.0
31/01/2025,Vente,"355000,00",1250.0,CEYZERIAT,1,Maison,100.0,4.0,917.0
28/02/2025,Vente,"345000,00",1390.0,SAINT-ANDRE-DE-CORCY,1,Maison,65.0,4.0,828.0
20/01/2025,Vente,"350000,00",1380.0,SAINT-CYR-SUR-MENTHON,1,Maison,94.0,4.0,3281.0
27/01/2025,Vente,"357760,00",1200.0,VALSERHONE,1,Maison,80.0,6.0,837.0
29/01/2025,Vente,"1155000,00",1170.0,GEX,1,Appartement,30.0,1.0,515.0
17/01/2025,Vente,"494000,00",1390.0,MIONNAY,1,Maison,90.0,4.0,899.0
14/01/2025,Vente,"155000,00",1390.0,TRAMOYES,1,Maison,140.0,5.0,324.0
03/01/2025,Vente,"215000,00",1350.0,ANGLEFORT,1,Maison,112.0,4.0,341.0
06/02/2025,Vente,"258050,00",1140.0,THOISSEY,1,Appartement,135.0,4.0,55.0
22/01/2025,Vente,"175000,00",1190.0,SERMOYER,1,Maison,72.0,3.0,564.0
22/01/2025,Vente,"300000,00",1990.0,SAINT-TRIVIER-SUR-MOIGNANS,1,Maison,110.0,5.0,1077.0
13/01/2025,Vente,"75000,00",1120.0,MONTLUEL,1,Maison,100.0,4.0,1117.0
16/01/2025,Vente,"210500,00",1640.0,SAINT-JEAN-LE-VIEUX,1,Maison,113.0,5.0,84.0
14/02/2025,Vente,"450000,00",1800.0,FARAMANS,1,Maison,143.0,5.0,1000.0
09/01/2025,Vente,"185000,00",1960.0,PERONNAS,1,Maison,105.0,5.0,259.0
10/01/2025,Vente,"175000,00",1340.0,FOISSIAT,1,Maison,170.0,4.0,4642.0
20/02/2025,Vente,"575000,00",1250.0,BOHAS-MEYRIAT-RIGNAT,1,Maison,303.0,8.0,817.0
02/01/2025,Vente,"182500,00",1470.0,BRIORD,1,Maison,96.0,4.0,641.0
11/03/2025,Vente,"185000,00",1800.0,MEXIMIEUX,1,Maison,101.0,5.0,109.0
06/01/2025,Vente,"425000,00",1390.0,RANCE,1,Maison,110.0,5.0,500.0
12/02/2025,Vente,"120000,00",1310.0,POLLIAT,1,Maison,109.0,5.0,1085.0
24/01/2025,Vente,"218000,00",1330.0,VILLARS-LES-DOMBES,1,Maison,78.0,3.0,600.0
12/02/2025,Vente,"134000,00",1510.0,ARTEMARE,1,Maison,104.0,3.0,295.0
24/02/2025,Vente,"95000,00",1450.0,LEYSSARD,1,Maison,184.0,6.0,88.0
16/01/2025,Vente,"400000,00",1320.0,VILLETTE-SUR-AIN,1,Maison,80.0,4.0,700.0
06/02/2025,Vente,"140000,00",1500.0,AMBRONAY,1,Maison,63.0,3.0,100.0
10/01/2025,Vente,"470706,00",1120.0,DAGNEUX,1,Maison,115.0,4.0,603.0
25/02/2025,Vente,"279000,00",1290.0,SAINT-ANDRE-D HUIRIAT,1,Maison,115.0,5.0,500.0
27/01/2025,Vente,"139550,00",1160.0,NEUVILLE-SUR-AIN,1,Maison,34.0,2.0,200.0
11/03/2025,Vente,"135000,00",1560.0,SAINT-JULIEN-SUR-REYSSOUZE,1,Maison,74.0,3.0,64.0
17/02/2025,Vente,"235200,00",1500.0,AMBRONAY,1,Maison,100.0,5.0,672.0
15/01/2025,Vente,"120000,00",1110.0,BRENOD,1,Maison,120.0,6.0,215.0
10/02/2025,Vente,"210000,00",1500.0,AMBERIEU-EN-BUGEY,1,Maison,80.0,2.0,239.0
29/01/2025,Vente,"110000,00",1310.0,CONFRANCON,1,Maison,88.0,2.0,3042.0
12/03/2025,Vente,"230000,00",1260.0,VALROMEY-SUR-SERAN,1,Maison,134.0,5.0,125.0
21/02/2025,Vente,"920000,00",1100.0,BELLIGNAT,1,Appartement,28.0,2.0,678.0
30/01/2025,Vente,"295000,00",1190.0,OZAN,1,Maison,130.0,5.0,691.0
07/02/2025,Vente,"330000,00",1000.0,BOURG-EN-BRESSE,1,Appartement,46.0,2.0,1060.0
07/03/2025,Vente,"125000,00",1260.0,VALROMEY-SUR-SERAN,1,Maison,64.0,2.0,100.0
17/02/2025,Vente,"299000,00",1150.0,LAGNIEU,1,Maison,107.0,4.0,662.0
16/01/2025,Vente,"215000,00",1200.0,VALSERHONE,1,Appartement,43.0,2.0,103.0
28/02/2025,Vente,"343000,00",1310.0,SAINT-REMY,1,Maison,135.0,4.0,1102.0
03/02/2025,Vente,"285000,00",1370.0,VAL-REVERMONT,1,Maison,123.0,4.0,776.0
25/03/2025,Vente,"230000,00",1160.0,PRIAY,1,Maison,130.0,4.0,220.0
06/02/2025,Vente,"295000,00",1800.0,BOURG-SAINT-CHRISTOPHE,1,Maison,81.0,4.0,446.0
24/02/2025,Vente,"333800,00",1310.0,CONFRANCON,1,Maison,110.0,5.0,990.0
29/01/2025,Vente,"330000,00",1600.0,MISERIEUX,1,Maison,83.0,4.0,820.0
24/01/2025,Vente,"260000,00",1700.0,BEYNOST,1,Maison,109.0,5.0,584.0
14/02/2025,Vente,"215000,00",1660.0,MEZERIAT,1,Maison,179.0,8.0,500.0
03/02/2025,Vente,"534000,00",1170.0,ECHENEVEX,1,Maison,88.0,4.0,352.0
04/02/2025,Vente,"199000,00",1600.0,TREVOUX,1,Appartement,61.0,3.0,42.0
21/01/2025,Vente,"249000,00",1400.0,CHATILLON-SUR-CHALARONNE,1,Maison,88.0,5.0,728.0
10/02/2025,Vente,"454300,00",1390.0,SAINT-ANDRE-DE-CORCY,1,Maison,135.0,6.0,601.0
12/03/2025,Vente,"145000,00",1160.0,PRIAY,1,Appartement,56.0,3.0,137.0
07/01/2025,Vente,"235000,00",1800.0,MEXIMIEUX,1,Maison,69.0,3.0,184.0
03/03/2025,Vente,"182500,00",1960.0,PERONNAS,1,Appartement,111.0,5.0,784.0
24/02/2025,Vente,"199000,00",1300.0,BRENS,1,Maison,116.0,5.0,961.0
17/02/2025,Vente,"160000,00",1140.0,ST-ETIENNE-SUR-CHALARONNE,1,Maison,90.0,2.0,1499.0
16/01/2025,Vente,"113000,00",1110.0,BRENOD,1,Maison,108.0,5.0,982.0
29/01/2025,Vente,"449000,00",1710.0,THOIRY,1,Maison,107.0,6.0,593.0
13/03/2025,Vente,"230000,00",1800.0,MEXIMIEUX,1,Appartement,50.0,1.0,95.0
06/01/2025,Vente,"215000,00",1150.0,LAGNIEU,1,Maison,78.0,4.0,83.0
24/02/2025,Vente,"389000,00",1260.0,ARVIERE-EN-VALROMEY,1,Maison,236.0,6.0,998.0
03/02/2025,Vente,"100000,00",1380.0,BAGE-LE-CHATEL,1,Appartement,88.0,1.0,232.0
13/02/2025,Vente,"7928,00",1600.0,SAINT-DIDIER-DE-FORMANS,1,Appartement,102.0,4.0,11.0
17/01/2025,Vente,"120524,00",1460.0,MONTREAL LA CLUSE,1,Maison,83.0,4.0,262.0
30/01/2025,Vente,"212000,00",1130.0,CHARIX,1,Maison,90.0,4.0,385.0
31/01/2025,Vente,"407500,00",1480.0,FRANS,1,Maison,170.0,6.0,500.0
30/01/2025,Vente,"492800,00",1220.0,DIVONNE-LES-BAINS,1,Appartement,90.0,3.0,287.0
13/01/2025,Vente,"75000,00",1120.0,MONTLUEL,1,Maison,100.0,4.0,800.0
14/03/2025,Vente,"309000,00",1200.0,VALSERHONE,1,Maison,102.0,4.0,169.0
31/01/2025,Vente,"269000,00",1700.0,BEYNOST,1,Appartement,92.0,4.0,130.0
17/01/2025,Vente,"455000,00",1700.0,MIRIBEL,1,Maison,136.0,4.0,1365.0
26/02/2025,Vente,"320000,00",1350.0,CULOZ-BEON,1,Appartement,42.0,1.0,845.0
24/01/2025,Vente,"260000,00",1100.0,OYONNAX,1,Maison,110.0,4.0,287.0
28/02/2025,Vente,"376000,00",1390.0,TRAMOYES,1,Maison,130.0,6.0,825.0
08/01/2025,Vente,"215000,00",1230.0,SAINT-RAMBERT-EN-BUGEY,1,Maison,88.0,3.0,685.0
26/02/2025,Vente,"210000,00",1000.0,BOURG-EN-BRESSE,1,Maison,72.0,3.0,600.0
22/01/2025,Vente,"190000,00",1500.0,CHATEAU-GAILLARD,1,Maison,130.0,5.0,143.0
29/01/2025,Vente,"106666,67",1090.0,LURCY,1,Maison,191.0,9.0,630.0
21/02/2025,Vente,"125000,00",1510.0,CHEIGNIEU-LA-BALME,1,Maison,50.0,2.0,100.0
28/01/2025,Vente,"219000,00",1340.0,JAYAT,1,Maison,130.0,6.0,1254.0
11/03/2025,Vente,"175000,00",1340.0,MONTREVEL-EN-BRESSE,1,Appartement,40.0,1.0,398.0
31/01/2025,Vente,"215000,00",1250.0,HAUTECOURT-ROMANECHE,1,Maison,120.0,4.0,1290.0
28/01/2025,Vente,"279000,00",1370.0,VAL-REVERMONT,1,Maison,165.0,6.0,1361.0
11/03/2025,Vente,"400000,00",1700.0,BEYNOST,1,Maison,96.0,5.0,812.0
31/01/2025,Vente,"344930,00",1120.0,DAGNEUX,1,Maison,115.0,5.0,459.0
16/01/2025,Vente,"245000,00",1800.0,SAINT-ELOI,1,Maison,90.0,3.0,174.0
12/03/2025,Vente,"100000,00",1300.0,BELLEY,1,Maison,40.0,2.0,38.0
30/01/2025,Vente,"400000,00",1480.0,FRANS,1,Maison,121.0,4.0,483.0
21/02/2025,Vente,"920000,00",1100.0,BELLIGNAT,1,Appartement,62.0,3.0,678.0
06/02/2025,Vente,"278000,00",1340.0,FOISSIAT,1,Maison,115.0,4.0,2180.0
07/03/2025,Vente,"125000,00",1260.0,VALROMEY-SUR-SERAN,1,Maison,76.0,4.0,100.0
22/01/2025,Vente,"375000,00",1660.0,VANDEINS,1,Maison,129.0,6.0,700.0
24/01/2025,Vente,"620000,00",1390.0,SAINT-MARCEL-EN-DOMBES,1,Maison,105.0,5.0,942.0
27/02/2025,Vente,"480000,00",1120.0,THIL,1,Maison,136.0,9.0,597.0
08/01/2025,Vente,"234200,00",1270.0,VERJON,1,Maison,138.0,6.0,1530.0
26/02/2025,Vente,"320000,00",1350.0,CULOZ-BEON,1,Appartement,65.0,3.0,845.0
16/01/2025,Vente,"288000,00",1480.0,JASSANS-RIOTTIER,1,Maison,84.0,5.0,987.0
28/01/2025,Vente,"785000,00",1630.0,ST-JEAN-DE-GONVILLE,1,Maison,197.0,7.0,413.0
14/03/2025,Vente,"470000,00",1700.0,BEYNOST,1,Maison,142.0,4.0,419.0
29/01/2025,Vente,"1155000,00",1170.0,GEX,1,Appartement,39.0,2.0,515.0
14/02/2025,Vente,"295770,00",1800.0,MEXIMIEUX,1,Maison,105.0,5.0,391.0
06/03/2025,Vente,"750000,00",1220.0,DIVONNE-LES-BAINS,1,Appartement,64.0,4.0,703.0
25/02/2025,Vente,"388685,00",1570.0,FEILLENS,1,Maison,87.0,5.0,1002.0
21/02/2025,Vente,"225000,00",1640.0,JUJURIEUX,1,Maison,122.0,6.0,780.0
14/01/2025,Vente,"285000,00",1400.0,NEUVILLE-LES-DAMES,1,Maison,105.0,4.0,700.0
26/02/2025,Vente,"90000,00",1160.0,PONT-D AIN,1,Maison,38.0,1.0,94.0
10/01/2025,Vente,"1020000,00",1210.0,FERNEY-VOLTAIRE,1,Maison,140.0,5.0,903.0
21/02/2025,Vente,"167000,00",1190.0,CHEVROUX,1,Maison,95.0,4.0,1006.0
16/01/2025,Vente,"215000,00",1200.0,VALSERHONE,1,Appartement,25.0,1.0,103.0
16/01/2025,Vente,"255000,00",1300.0,BELLEY,1,Maison,99.0,6.0,1254.0
24/01/2025,Vente,"257000,00",1340.0,ATTIGNAT,1,Maison,103.0,4.0,954.0
19/02/2025,Vente,"139000,00",1380.0,SAINT-ANDRE-DE-BAGE,1,Maison,81.0,4.0,260.0
15/01/2025,Vente,"600000,00",1170.0,GEX,1,Maison,98.0,4.0,802.0
30/01/2025,Vente,"145000,00",1560.0,SAINT-NIZIER-LE-BOUCHOUX,1,Maison,87.0,2.0,2130.0
31/01/2025,Vente,"700000,00",1000.0,SAINT-DENIS-LES-BOURG,1,Appartement,25.0,1.0,1286.0
07/03/2025,Vente,"130000,00",1370.0,SAINT-ETIENNE-DU-BOIS,1,Maison,94.0,3.0,356.0
24/02/2025,Vente,"222750,00",1150.0,LAGNIEU,1,Maison,90.0,4.0,183.0
03/01/2025,Vente,"165000,00",1310.0,SAINT-MARTIN-LE-CHATEL,1,Maison,129.0,6.0,1960.0
03/03/2025,Vente,"182500,00",1960.0,PERONNAS,1,Appartement,43.0,2.0,784.0
03/01/2025,Vente,"260000,00",1420.0,SEYSSEL,1,Maison,78.0,4.0,18.0
06/02/2025,Vente,"515000,00",1170.0,GEX,1,Appartement,19.0,1.0,72.0
12/02/2025,Vente,"560000,00",1170.0,GEX,1,Maison,136.0,4.0,831.0
17/02/2025,Vente,"365000,00",1800.0,MEXIMIEUX,1,Maison,138.0,5.0,1025.0
20/02/2025,Vente,"65000,00",1150.0,VILLEBOIS,1,Maison,30.0,2.0,36.0
24/01/2025,Vente,"160000,00",1510.0,ARTEMARE,1,Appartement,30.0,1.0,301.0
11/02/2025,Vente,"240000,00",1150.0,LAGNIEU,1,Maison,82.0,4.0,639.0
02/01/2025,Vente,"630000,00",1170.0,CHEVRY,1,Maison,124.0,5.0,517.0
28/02/2025,Vente,"235000,00",1000.0,SAINT-DENIS-LES-BOURG,1,Maison,108.0,5.0,535.0
20/01/2025,Vente,"299000,00",1150.0,SOUCLIN,1,Maison,150.0,5.0,1019.0
24/02/2025,Vente,"328000,00",1160.0,SAINT-MARTIN-DU-MONT,1,Maison,84.0,3.0,227.0
28/01/2025,Vente,"380000,00",1330.0,BOULIGNEUX,1,Maison,99.0,6.0,404.0
13/02/2025,Vente,"233000,00",1260.0,VALROMEY-SUR-SERAN,1,Maison,140.0,5.0,95.0
30/01/2025,Echange,"6188,00",1220.0,GRILLY,1,Appartement,63.0,3.0,9.0
05/03/2025,Vente,"288000,00",1290.0,GRIEGES,1,Maison,101.0,4.0,657.0
13/03/2025,Vente,"1350000,00",1210.0,ORNEX,1,Appartement,24.0,1.0,1000.0
13/02/2025,Vente,"205000,00",1500.0,AMBERIEU-EN-BUGEY,1,Maison,65.0,2.0,135.0
13/01/2025,Vente,"460000,00",1800.0,VILLIEU-LOYES-MOLLON,1,Maison,140.0,7.0,931.0
16/01/2025,Vente,"63564,50",1390.0,TRAMOYES,1,Maison,148.0,7.0,818.0
12/03/2025,Vente,"180010,00",1340.0,MONTREVEL-EN-BRESSE,1,Appartement,110.0,4.0,263.0
18/02/2025,Vente,"187906,00",1250.0,BOHAS-MEYRIAT-RIGNAT,1,Maison,100.0,4.0,349.0
17/01/2025,Vente,"362000,00",1120.0,MONTLUEL,1,Maison,98.0,4.0,428.0
03/02/2025,Vente,"305000,00",1150.0,CHAZEY-SUR-AIN,1,Maison,76.0,3.0,596.0
20/02/2025,Vente,"550000,00",1550.0,COLLONGES,1,Maison,215.0,8.0,836.0
14/02/2025,Vente,"322400,00",1990.0,CHANEINS,1,Maison,117.0,5.0,691.0
31/01/2025,Vente,"310000,00",1090.0,GUEREINS,1,Appartement,198.0,6.0,2508.0
16/01/2025,Vente,"330000,00",1400.0,NEUVILLE-LES-DAMES,1,Maison,200.0,5.0,1934.0
03/02/2025,Vente,"230000,00",1350.0,LAVOURS,1,Maison,120.0,4.0,85.0
31/01/2025,Vente,"700000,00",1000.0,SAINT-DENIS-LES-BOURG,1,Appartement,49.0,2.0,1286.0
23/01/2025,Vente,"85000,00",1230.0,TENAY,1,Appartement,33.0,1.0,96.0
14/02/2025,Vente,"259000,00",1100.0,BELLIGNAT,1,Maison,118.0,6.0,360.0
20/01/2025,Vente,"195000,00",1300.0,BRENS,1,Maison,152.0,6.0,773.0
14/02/2025,Vente,"145000,00",1380.0,BAGE-DOMMARTIN,1,Maison,53.0,3.0,987.0
17/03/2025,Vente,"265000,00",1570.0,FEILLENS,1,Maison,109.0,5.0,500.0
13/01/2025,Vente,"155000,00",1150.0,LAGNIEU,1,Maison,50.0,2.0,44.0
10/03/2025,Vente,"180000,00",1400.0,CHATILLON-SUR-CHALARONNE,1,Maison,125.0,5.0,290.0
18/02/2025,Vente,"750000,00",1800.0,SAINT-MAURICE-DE-GOURDANS,1,Appartement,85.0,3.0,85.0
10/03/2025,Vente,"467840,00",1480.0,JASSANS-RIOTTIER,1,Maison,128.0,7.0,700.0
28/02/2025,Vente,"396120,00",1600.0,REYRIEUX,1,Maison,105.0,5.0,712.0
24/01/2025,Vente,"362000,00",1540.0,VONNAS,1,Maison,135.0,5.0,993.0
12/03/2025,Vente,"145000,00",1160.0,PRIAY,1,Appartement,45.0,1.0,137.0
27/01/2025,Vente,"341700,00",1240.0,SAINT-PAUL-DE-VARAX,1,Maison,100.0,5.0,760.0
28/01/2025,Vente,"265000,00",1290.0,SAINT-JEAN-SUR-VEYLE,1,Maison,63.0,2.0,2495.0
10/01/2025,Vente,"618800,00",1700.0,MIRIBEL,1,Maison,120.0,4.0,621.0
03/02/2025,Vente,"252000,00",1500.0,SAINT-DENIS-EN-BUGEY,1,Maison,109.0,5.0,800.0
03/02/2025,Vente,"729000,00",1210.0,FERNEY-VOLTAIRE,1,Maison,125.0,5.0,821.0
23/01/2025,Vente,"420000,00",1390.0,MONTHIEUX,1,Maison,110.0,4.0,700.0
31/01/2025,Vente,"413950,00",1390.0,TRAMOYES,1,Maison,90.0,4.0,707.0
03/02/2025,Vente,"612600,00",1710.0,THOIRY,1,Maison,136.0,6.0,928.0
21/01/2025,Vente,"950000,00",1220.0,DIVONNE-LES-BAINS,1,Maison,116.0,5.0,440.0
04/02/2025,Vente,"360000,00",1120.0,DAGNEUX,1,Maison,134.0,5.0,684.0
17/01/2025,Vente,"219000,00",1240.0,DOMPIERRE-SUR-VEYLE,1,Maison,91.0,5.0,751.0
28/01/2025,Vente,"130000,00",1130.0,NANTUA,1,Appartement,96.0,3.0,224.0
13/01/2025,Vente,"245000,00",1340.0,FOISSIAT,1,Maison,105.0,5.0,3378.0
07/03/2025,Vente,"955000,00",1170.0,ECHENEVEX,1,Maison,31.0,2.0,1830.0
10/01/2025,Vente,"220000,00",1600.0,REYRIEUX,1,Maison,82.0,3.0,178.0
11/03/2025,Vente,"525000,00",1170.0,CESSY,1,Maison,64.0,3.0,1029.0
29/01/2025,Vente,"1155000,00",1170.0,GEX,1,Appartement,49.0,3.0,515.0
18/02/2025,Vente,"79000,00",1260.0,CHAMPAGNE-EN-VALROMEY,1,Maison,56.0,3.0,60.0
30/01/2025,Vente,"130000,00",1960.0,PERONNAS,1,Maison,86.0,4.0,255.0
15/01/2025,Vente,"680000,00",1210.0,ORNEX,1,Maison,125.0,5.0,583.0
30/01/2025,Vente,"492800,00",1220.0,DIVONNE-LES-BAINS,1,Appartement,190.0,4.0,287.0
21/01/2025,Vente,"225000,00",1400.0,CHATILLON-SUR-CHALARONNE,1,Maison,78.0,4.0,693.0
28/02/2025,Vente,"280000,00",1550.0,FARGES,1,Appartement,75.0,3.0,85.0
28/02/2025,Vente,"314500,00",1100.0,OYONNAX,1,Maison,220.0,8.0,336.0
23/01/2025,Vente,"480000,00",1170.0,SEGNY,1,Maison,86.0,4.0,705.0
27/02/2025,Vente,"320000,00",1200.0,VALSERHONE,1,Maison,75.0,4.0,231.0
19/02/2025,Vente,"260000,00",1500.0,AMBERIEU-EN-BUGEY,1,Maison,93.0,4.0,307.0
27/01/2025,Vente,"169000,00",1310.0,SAINT-MARTIN-LE-CHATEL,1,Maison,137.0,4.0,620.0
10/02/2025,Vente,"260000,00",1630.0,ST-GENIS-POUILLY,1,Maison,120.0,4.0,345.0
27/02/2025,Vente,"375000,00",1600.0,TREVOUX,1,Maison,101.0,4.0,500.0
31/01/2025,Vente,"407500,00",1480.0,FRANS,1,Maison,170.0,6.0,765.0
09/01/2025,Vente,"314000,00",1000.0,BOURG-EN-BRESSE,1,Maison,144.0,6.0,983.0
17/01/2025,Vente,"100000,00",1500.0,AMBERIEU-EN-BUGEY,1,Maison,89.0,4.0,995.0
13/02/2025,Vente,"7928,00",1600.0,SAINT-DIDIER-DE-FORMANS,1,Appartement,105.0,4.0,11.0
08/01/2025,Vente,"355000,00",1640.0,JUJURIEUX,1,Maison,103.0,3.0,67.0
05/03/2025,Vente,"80000,00",1380.0,SAINT-CYR-SUR-MENTHON,1,Appartement,55.0,3.0,221.0
30/01/2025,Vente,"255000,00",1500.0,SAINT-DENIS-EN-BUGEY,1,Maison,65.0,3.0,449.0
06/02/2025,Vente,"515000,00",1170.0,GEX,1,Appartement,21.0,1.0,72.0
06/02/2025,Vente,"370500,00",1430.0,ST-MARTIN-DU-FRESNE,1,Maison,185.0,5.0,4985.0
07/01/2025,Vente,"100000,00",1330.0,AMBERIEUX-EN-DOMBES,1,Maison,96.0,4.0,489.0
10/02/2025,Vente,"276000,00",1500.0,AMBERIEU-EN-BUGEY,1,Maison,111.0,5.0,272.0
23/01/2025,Vente,"20000,00",1560.0,SAINT-JULIEN-SUR-REYSSOUZE,1,Maison,92.0,4.0,181.0
11/02/2025,Vente,"830000,00",1170.0,GEX,1,Maison,135.0,6.0,532.0
20/01/2025,Vente,"315000,00",1480.0,VILLENEUVE,1,Maison,94.0,4.0,246.0
21/03/2025,Vente,"225000,00",1250.0,MONTAGNAT,1,Maison,86.0,4.0,495.0
13/01/2025,Vente,"475000,00",1600.0,SAINT-BERNARD,1,Maison,100.0,4.0,500.0
24/02/2025,Vente,"175000,00",1600.0,MASSIEUX,1,Maison,78.0,4.0,309.0
07/01/2025,Vente,"295000,00",1300.0,MAGNIEU,1,Maison,115.0,4.0,374.0
29/01/2025,Vente,"408000,00",1220.0,DIVONNE-LES-BAINS,1,Maison,47.0,3.0,338.0
17/03/2025,Vente,"365000,00",1330.0,VILLARS-LES-DOMBES,1,Maison,134.0,6.0,904.0
07/02/2025,Vente,"255000,00",1000.0,BOURG-EN-BRESSE,1,Maison,133.0,6.0,600.0
11/02/2025,Vente,"310000,00",1440.0,VIRIAT,1,Maison,105.0,5.0,2040.0
10/02/2025,Vente,"340000,00",1480.0,FAREINS,1,Maison,179.0,6.0,1547.0
14/02/2025,Vente,"280000,00",1400.0,NEUVILLE-LES-DAMES,1,Appartement,113.0,6.0,351.0
20/02/2025,Vente,"690000,00",1280.0,PREVESSIN-MOENS,1,Maison,150.0,5.0,393.0
29/01/2025,Vente,"194000,00",1270.0,COLIGNY,1,Maison,110.0,4.0,671.0
12/02/2025,Vente,"92425,00",1100.0,OYONNAX,1,Maison,86.0,3.0,756.0
14/02/2025,Vente,"315500,00",1700.0,BEYNOST,1,Maison,90.0,4.0,640.0
03/02/2025,Vente,"152125,00",1120.0,LA BOISSE,1,Maison,60.0,4.0,945.0
07/01/2025,Vente,"378050,00",1600.0,MASSIEUX,1,Maison,115.0,5.0,500.0
05/02/2025,Vente,"229400,00",1190.0,ST ETIENNE-SUR-REYSSOUZE,1,Maison,163.0,6.0,1250.0
17/02/2025,Vente,"100000,00",1000.0,BOURG-EN-BRESSE,1,Maison,68.0,3.0,470.0
06/03/2025,Vente,"292000,00",1310.0,BUELLAS,1,Maison,92.0,4.0,610.0
12/02/2025,Vente,"205000,00",1390.0,SAINT-MARCEL-EN-DOMBES,1,Maison,72.0,4.0,305.0
28/02/2025,Vente,"235000,00",1100.0,OYONNAX,1,Maison,94.0,4.0,963.0
13/03/2025,Vente,"200000,00",1160.0,LA TRANCLIERE,1,Maison,65.0,2.0,2080.0
29/01/2025,Vente,"250000,00",1570.0,FEILLENS,1,Appartement,120.0,7.0,370.0
14/02/2025,Vente,"160000,00",1110.0,PLATEAU D'HAUTEVILLE,1,Maison,48.0,2.0,370.0
04/03/2025,Vente,"600000,00",1170.0,ECHENEVEX,1,Maison,270.0,7.0,422.0
07/02/2025,Vente,"200000,00",1750.0,REPLONGES,1,Maison,107.0,5.0,1000.0
10/03/2025,Vente,"190000,00",1380.0,BAGE-DOMMARTIN,1,Maison,91.0,5.0,520.0
25/02/2025,Vente,"296000,00",1400.0,NEUVILLE-LES-DAMES,1,Maison,98.0,4.0,600.0
12/02/2025,Vente,"1065000,00",1630.0,ST-GENIS-POUILLY,1,Appartement,124.0,4.0,397.0
24/01/2025,Vente,"148000,00",1190.0,CHEVROUX,1,Appartement,36.0,1.0,621.0
21/02/2025,Vente,"310000,00",1150.0,CHAZEY-SUR-AIN,1,Maison,117.0,3.0,134.0
06/03/2025,Vente,"660000,00",1800.0,MEXIMIEUX,1,Appartement,56.0,2.0,444.0
28/02/2025,Vente,"280000,00",1550.0,FARGES,1,Appartement,50.0,1.0,85.0
21/02/2025,Vente,"150000,00",1000.0,BOURG-EN-BRESSE,1,Maison,120.0,2.0,168.0
28/01/2025,Vente,"206480,00",1500.0,SAINT-DENIS-EN-BUGEY,1,Maison,105.0,4.0,88.0
24/01/2025,Vente,"410000,00",1390.0,SAINT-ANDRE-DE-CORCY,1,Maison,119.0,5.0,167.0
07/02/2025,Vente,"200000,00",1750.0,REPLONGES,1,Maison,107.0,5.0,999.0
21/02/2025,Vente,"920000,00",1100.0,BELLIGNAT,1,Appartement,33.0,2.0,678.0
31/01/2025,Vente,"160000,00",1100.0,OYONNAX,1,Maison,62.0,4.0,377.0
22/01/2025,Vente,"230000,00",1350.0,CULOZ-BEON,1,Maison,88.0,5.0,954.0
11/03/2025,Vente,"190000,00",1290.0,CORMORANCHE-SUR-SAONE,1,Maison,100.0,4.0,917.0
17/03/2025,Vente,"269000,00",1560.0,LESCHEROUX,1,Maison,105.0,4.0,3020.0
07/02/2025,Vente,"1145150,00",1220.0,GRILLY,1,Maison,180.0,7.0,487.0
13/03/2025,Vente,"416000,00",1170.0,CESSY,1,Maison,70.0,3.0,597.0
29/01/2025,Vente,"289750,00",1250.0,CEYZERIAT,1,Appartement,120.0,5.0,498.0
03/02/2025,Vente,"225400,00",1250.0,DROM,1,Maison,100.0,4.0,170.0
07/01/2025,Vente,"378050,00",1600.0,MASSIEUX,1,Maison,115.0,5.0,1065.0
10/02/2025,Vente,"263702,94",1540.0,VONNAS,1,Maison,98.0,4.0,808.0
01/02/2025,Vente,"5000,00",1260.0,VALROMEY-SUR-SERAN,1,Maison,110.0,5.0,269.0
11/02/2025,Vente,"280000,00",1510.0,CHAZEY-BONS,1,Maison,108.0,4.0,113.0
22/01/2025,Vente,"787100,00",1700.0,BEYNOST,1,Maison,164.0,6.0,979.0
27/02/2025,Vente,"397700,00",1090.0,MONTMERLE-SUR-SAONE,1,Maison,147.0,6.0,2821.0
18/02/2025,Vente,"267500,00",1700.0,BEYNOST,1,Maison,70.0,3.0,468.0
06/03/2025,Vente,"660000,00",1800.0,MEXIMIEUX,1,Appartement,120.0,5.0,444.0
31/01/2025,Vente,"167000,00",1340.0,MARSONNAS,1,Maison,74.0,3.0,5154.0
28/01/2025,Vente,"265000,00",1290.0,SAINT-JEAN-SUR-VEYLE,1,Maison,145.0,5.0,2495.0
10/03/2025,Vente,"230000,00",1150.0,LEYMENT,1,Maison,102.0,4.0,930.0
24/01/2025,Vente,"372000,00",1300.0,BELLEY,1,Maison,149.0,5.0,710.0
07/02/2025,Vente,"174010,00",1500.0,AMBERIEU-EN-BUGEY,1,Appartement,72.0,3.0,364.0
31/01/2025,Vente,"240000,00",1150.0,SAINT-VULBAS,1,Maison,84.0,4.0,810.0
13/03/2025,Vente,"1350000,00",1210.0,ORNEX,1,Appartement,159.0,6.0,1000.0
18/03/2025,Vente,"258650,00",1400.0,SANDRANS,1,Maison,85.0,4.0,256.0
31/01/2025,Vente,"158000,00",1500.0,SAINT-MAURICE-DE-REMENS,1,Maison,60.0,3.0,53.0
16/01/2025,Vente,"550698,00",1170.0,ECHENEVEX,1,Maison,88.0,4.0,454.0
30/01/2025,Vente,"335000,00",1600.0,SAINT-BERNARD,1,Maison,100.0,4.0,178.0
06/01/2025,Vente,"483000,00",1700.0,MIRIBEL,1,Maison,104.0,4.0,500.0
06/01/2025,Vente,"180000,00",1200.0,MONTANGES,1,Appartement,87.0,4.0,76.0
17/02/2025,Vente,"530000,00",1170.0,CESSY,1,Maison,121.0,5.0,1123.0
15/01/2025,Vente,"340000,00",1400.0,DOMPIERRE-SUR-CHALARONNE,1,Appartement,69.0,2.0,993.0
06/02/2025,Vente,"115000,00",1260.0,VALROMEY-SUR-SERAN,1,Maison,74.0,3.0,128.0
19/03/2025,Vente,"190000,00",1150.0,VAUX-EN-BUGEY,1,Maison,86.0,4.0,99.0
06/01/2025,Vente,"483000,00",1700.0,MIRIBEL,1,Maison,104.0,4.0,1025.0
15/01/2025,Vente,"208000,00",1230.0,SAINT-RAMBERT-EN-BUGEY,1,Maison,70.0,3.0,55.0
07/02/2025,Vente,"337000,00",1310.0,POLLIAT,1,Maison,130.0,5.0,773.0
28/02/2025,Vente,"396120,00",1600.0,REYRIEUX,1,Maison,105.0,5.0,500.0
03/03/2025,Vente,"170950,00",1851.0,MARBOZ,1,Maison,85.0,4.0,2363.0
08/01/2025,Vente,"490500,00",1390.0,TRAMOYES,1,Maison,117.0,5.0,500.0
20/02/2025,Vente,"195000,00",1140.0,PEYZIEUX-SUR-SAONE,1,Maison,91.0,4.0,1000.0
21/01/2025,Vente,"289000,00",1500.0,AMBRONAY,1,Maison,90.0,4.0,581.0
15/01/2025,Vente,"441500,00",1420.0,SEYSSEL,1,Maison,109.0,5.0,793.0
10/01/2025,Vente,"175000,00",1140.0,SAINT-DIDIER-SUR-CHALARONNE,1,Maison,77.0,4.0,1345.0
17/03/2025,Vente,"269000,00",1560.0,LESCHEROUX,1,Maison,180.0,6.0,3020.0
12/02/2025,Vente,"788000,00",1630.0,ST-GENIS-POUILLY,1,Maison,100.0,3.0,1593.0
27/01/2025,Vente,"1000000,00",1170.0,GEX,1,Appartement,80.0,4.0,282.0
28/02/2025,Vente,"148000,00",1570.0,FEILLENS,1,Appartement,63.0,3.0,369.0
24/01/2025,Vente,"215000,00",1750.0,REPLONGES,1,Maison,89.0,5.0,600.0
28/02/2025,Vente,"136560,00",1200.0,MONTANGES,1,Maison,150.0,6.0,1571.0
23/01/2025,Vente,"420000,00",1390.0,MONTHIEUX,1,Maison,110.0,4.0,500.0
07/02/2025,Vente,"198200,00",1270.0,SALAVRE,1,Maison,92.0,3.0,756.0
10/03/2025,Vente,"185000,00",1560.0,SAINT-NIZIER-LE-BOUCHOUX,1,Maison,124.0,4.0,650.0
13/01/2025,Vente,"193500,00",1150.0,SAULT-BRENAZ,1,Maison,130.0,3.0,73.0
30/01/2025,Vente,"240000,00",1400.0,L'ABERGEMENT-CLEMENCIAT,1,Maison,90.0,5.0,449.0
13/03/2025,Vente,"375000,00",1000.0,SAINT-DENIS-LES-BOURG,1,Maison,150.0,5.0,698.0
19/02/2025,Vente,"200000,00",1340.0,ATTIGNAT,1,Maison,116.0,7.0,1000.0
31/01/2025,Vente,"130000,00",1500.0,BETTANT,1,Maison,83.0,4.0,60.0
17/03/2025,Vente,"24000,00",1230.0,SAINT-RAMBERT-EN-BUGEY,1,Maison,100.0,2.0,118.0
20/02/2025,Vente,"160000,00",1000.0,BOURG-EN-BRESSE,1,Maison,75.0,5.0,631.0
12/03/2025,Vente,"606300,00",1700.0,MIRIBEL,1,Maison,126.0,4.0,520.0
03/02/2025,Vente,"100000,00",1380.0,BAGE-LE-CHATEL,1,Appartement,72.0,2.0,232.0
14/03/2025,Vente,"147000,00",1500.0,AMBRONAY,1,Maison,47.0,3.0,377.0
31/01/2025,Vente,"84000,00",1400.0,NEUVILLE-LES-DAMES,1,Maison,149.0,5.0,435.0
06/01/2025,Vente,"425000,00",1390.0,RANCE,1,Maison,110.0,5.0,777.0
31/01/2025,Vente,"700000,00",1000.0,SAINT-DENIS-LES-BOURG,1,Appartement,29.0,2.0,1286.0
04/03/2025,Vente,"641900,00",1220.0,DIVONNE-LES-BAINS,1,Maison,93.0,4.0,339.0
27/01/2025,Vente,"207000,00",1340.0,FOISSIAT,1,Maison,130.0,4.0,1134.0
15/01/2025,Vente,"345000,00",1570.0,FEILLENS,1,Maison,125.0,6.0,685.0
24/02/2025,Vente,"675000,00",1170.0,CESSY,1,Maison,127.0,5.0,895.0
14/02/2025,Vente,"368000,00",1130.0,LE POIZAT-LALLEYRIAT,1,Maison,141.0,5.0,700.0
13/03/2025,Vente,"159000,00",1160.0,SAINT-MARTIN-DU-MONT,1,Maison,82.0,3.0,642.0
27/02/2025,Vente,"185000,00",1330.0,BIRIEUX,1,Maison,101.0,4.0,310.0
24/02/2025,Vente,"328000,00",1160.0,SAINT-MARTIN-DU-MONT,1,Maison,198.0,5.0,227.0
23/01/2025,Vente,"253000,00",1160.0,PONT-D AIN,1,Maison,105.0,4.0,157.0
21/02/2025,Vente,"660000,00",1800.0,RIGNIEUX-LE-FRANC,1,Maison,220.0,6.0,2480.0
09/01/2025,Vente,"297000,00",1150.0,SAINTE-JULIE,1,Maison,127.0,5.0,332.0
14/02/2025,Vente,"235000,00",1150.0,LEYMENT,1,Maison,105.0,4.0,896.0
20/02/2025,Vente,"276500,00",1370.0,VAL-REVERMONT,1,Maison,130.0,5.0,3371.0
06/01/2025,Vente,"213000,00",1100.0,OYONNAX,1,Maison,78.0,4.0,45.0
29/01/2025,Vente,"1155000,00",1170.0,GEX,1,Appartement,130.0,4.0,515.0
10/01/2025,Vente,"360000,00",1310.0,BUELLAS,1,Maison,126.0,4.0,756.0
30/01/2025,Vente,"244000,00",1100.0,MARTIGNAT,1,Maison,85.0,4.0,453.0
21/02/2025,Vente,"754631,00",1710.0,THOIRY,1,Maison,146.0,4.0,720.0
14/02/2025,Vente,"215000,00",1660.0,MEZERIAT,1,Maison,179.0,8.0,884.0
17/02/2025,Vente,"370000,00",1000.0,BOURG-EN-BRESSE,1,Appartement,24.0,1.0,120.0
20/01/2025,Vente,"273000,00",1310.0,SAINT-MARTIN-LE-CHATEL,1,Maison,120.0,4.0,746.0
21/02/2025,Vente,"920000,00",1100.0,BELLIGNAT,1,Appartement,65.0,3.0,678.0
31/01/2025,Vente,"188000,00",1800.0,MEXIMIEUX,1,Maison,69.0,3.0,185.0
25/02/2025,Vente,"80000,00",1450.0,PONCIN,1,Appartement,91.0,4.0,626.0
16/01/2025,Vente,"960669,00",1220.0,DIVONNE-LES-BAINS,1,Maison,140.0,5.0,460.0
08/01/2025,Vente,"110000,00",1160.0,VARAMBON,1,Appartement,90.0,3.0,100.0
21/02/2025,Vente,"920000,00",1100.0,BELLIGNAT,1,Appartement,61.0,3.0,678.0
09/01/2025,Vente,"265000,00",1250.0,JASSERON,1,Maison,138.0,7.0,1064.0
13/01/2025,Vente,"165000,00",1470.0,BRIORD,1,Maison,80.0,3.0,789.0
06/02/2025,Vente,"319500,00",1190.0,CHAVANNES-SUR-REYSSOUZE,1,Appartement,37.0,2.0,2957.0
29/01/2025,Vente,"1155000,00",1170.0,GEX,1,Appartement,20.0,1.0,515.0
22/01/2025,Vente,"320000,00",1260.0,HAUT-VALROMEY,1,Maison,170.0,7.0,962.0
13/01/2025,Vente,"485170,00",1700.0,MIRIBEL,1,Maison,91.0,4.0,577.0
07/02/2025,Vente,"230000,00",1350.0,CULOZ-BEON,1,Maison,75.0,3.0,288.0
10/03/2025,Vente,"199900,00",1640.0,ABERGEMENT-DE-VAREY (L ),1,Maison,113.0,5.0,973.0
31/01/2025,Vente,"108000,00",1660.0,VANDEINS,1,Appartement,104.0,3.0,386.0
09/01/2025,Vente,"338000,00",1540.0,VONNAS,1,Maison,131.0,6.0,500.0
31/01/2025,Vente,"700000,00",1000.0,SAINT-DENIS-LES-BOURG,1,Appartement,70.0,3.0,1286.0
30/01/2025,Vente,"288000,00",1150.0,SAINT-VULBAS,1,Maison,108.0,5.0,180.0
02/01/2025,Vente,"225300,00",1660.0,CHAVEYRIAT,1,Appartement,103.0,7.0,313.0
10/01/2025,Vente,"354450,00",1700.0,MIRIBEL,1,Maison,106.0,5.0,235.0
29/01/2025,Vente,"285000,00",1100.0,OYONNAX,1,Maison,97.0,5.0,1483.0
06/03/2025,Vente,"660000,00",1800.0,MEXIMIEUX,1,Appartement,56.0,3.0,444.0
13/03/2025,Vente,"1350000,00",1210.0,ORNEX,1,Appartement,24.0,1.0,247.0
07/02/2025,Vente,"385000,00",1300.0,BRENS,1,Maison,104.0,3.0,1315.0
07/01/2025,Vente,"323000,00",1310.0,MONTRACOL,1,Maison,165.0,7.0,1070.0
18/02/2025,Vente,"364000,00",1700.0,BEYNOST,1,Maison,89.0,4.0,500.0
12/02/2025,Vente,"435000,00",1200.0,CONFORT,1,Maison,129.0,7.0,894.0
21/02/2025,Vente,"299000,00",1350.0,CULOZ-BEON,1,Maison,145.0,5.0,448.0
15/01/2025,Vente,"215000,00",1600.0,TREVOUX,1,Maison,65.0,4.0,359.0
17/01/2025,Vente,"420000,00",1200.0,VALSERHONE,1,Maison,125.0,5.0,974.0
19/02/2025,Vente,"100000,00",1120.0,SAINTE-CROIX,1,Maison,50.0,2.0,296.0
17/01/2025,Vente,"259000,00",1310.0,BUELLAS,1,Maison,131.0,7.0,1158.0
04/03/2025,Vente,"710000,00",1680.0,LHUIS,1,Maison,240.0,7.0,2005.0
13/03/2025,Vente,"1350000,00",1210.0,ORNEX,1,Appartement,159.0,6.0,247.0
14/02/2025,Vente,"250000,00",1500.0,AMBERIEU-EN-BUGEY,1,Maison,81.0,3.0,737.0
29/01/2025,Vente,"355000,00",1550.0,COLLONGES,1,Maison,75.0,4.0,281.0
30/01/2025,Vente,"150000,00",1550.0,COLLONGES,1,Maison,102.0,5.0,551.0
10/01/2025,Vente,"435000,00",1000.0,BOURG-EN-BRESSE,1,Appartement,66.0,3.0,131.0
26/02/2025,Vente,"225000,00",1460.0,BEARD-GEOVREISSIAT,1,Maison,100.0,4.0,308.0
10/02/2025,Vente,"280000,00",1410.0,MIJOUX,1,Appartement,70.0,4.0,22.0
03/01/2025,Vente,"300000,00",1330.0,VILLARS-LES-DOMBES,1,Maison,103.0,5.0,515.0
30/01/2025,Vente,"240000,00",1380.0,SAINT-CYR-SUR-MENTHON,1,Maison,96.0,5.0,602.0
15/01/2025,Vente,"361000,00",1340.0,BRESSE VALLONS,1,Maison,195.0,5.0,713.0
10/01/2025,Vente,"190000,00",1260.0,CHAMPAGNE-EN-VALROMEY,1,Maison,68.0,3.0,1002.0
28/02/2025,Vente,"120000,00",1480.0,JASSANS-RIOTTIER,1,Maison,100.0,6.0,917.0
12/02/2025,Vente,"280000,00",1200.0,VALSERHONE,1,Appartement,28.0,1.0,43.0
21/02/2025,Vente,"419000,00",1140.0,PEYZIEUX-SUR-SAONE,1,Maison,152.0,5.0,600.0
08/01/2025,Vente,"265000,00",1310.0,CURTAFOND,1,Maison,122.0,5.0,900.0
20/01/2025,Vente,"315000,00",1300.0,CUZIEU,1,Maison,106.0,4.0,1000.0
13/01/2025,Vente,"58000,00",1260.0,VALROMEY-SUR-SERAN,1,Maison,61.0,4.0,59.0
07/02/2025,Vente,"380000,00",1200.0,BILLIAT,1,Maison,153.0,5.0,545.0
29/01/2025,Vente,"100000,00",1320.0,CHALAMONT,1,Maison,100.0,5.0,4800.0
17/02/2025,Vente,"79000,00",1300.0,PEYRIEU,1,Maison,90.0,3.0,96.0
06/03/2025,Vente,"1800,00",1560.0,VERNOUX,1,Maison,105.0,4.0,1000.0
09/01/2025,Vente,"586400,00",1710.0,THOIRY,1,Maison,113.0,6.0,743.0
10/01/2025,Vente,"265000,00",1340.0,FOISSIAT,1,Maison,118.0,5.0,2433.0
10/01/2025,Vente,"434600,00",1360.0,BALAN,1,Maison,101.0,5.0,800.0
12/02/2025,Vente,"50000,00",1370.0,COURMANGOUX,1,Maison,50.0,3.0,290.0
19/02/2025,Vente,"412500,00",1170.0,GEX,1,Maison,112.0,4.0,94.0
27/02/2025,Vente,"279000,00",1460.0,MONTREAL LA CLUSE,1,Maison,105.0,5.0,702.0
27/01/2025,Vente,"645000,00",1170.0,CESSY,1,Maison,100.0,6.0,401.0
31/01/2025,Vente,"650000,00",1170.0,CESSY,1,Maison,80.0,4.0,1350.0
23/02/2025,Vente,"102000,00",1250.0,CEYZERIAT,1,Maison,148.0,6.0,1154.0
06/01/2025,Vente,"370000,00",1280.0,PREVESSIN-MOENS,1,Maison,100.0,3.0,192.0
05/02/2025,Vente,"125000,00",1400.0,CHATILLON-SUR-CHALARONNE,1,Maison,74.0,3.0,348.0
17/01/2025,Vente,"185000,00",1570.0,FEILLENS,1,Maison,92.0,4.0,436.0
28/02/2025,Vente,"136560,00",1200.0,MONTANGES,1,Maison,150.0,6.0,2520.0
28/02/2025,Vente,"228000,00",1460.0,NURIEUX-VOLOGNAT,1,Maison,135.0,6.0,920.0
28/02/2025,Vente,"220000,00",1800.0,BOURG-SAINT-CHRISTOPHE,1,Maison,86.0,4.0,80.0
29/01/2025,Vente,"215000,00",1250.0,NIVIGNE ET SURAN,1,Maison,73.0,3.0,341.0
17/03/2025,Vente,"265000,00",1570.0,FEILLENS,1,Maison,109.0,5.0,83.0
17/03/2025,Vente,"1000000,00",1800.0,VILLIEU-LOYES-MOLLON,1,Appartement,54.0,3.0,710.0
11/03/2025,Vente,"525000,00",1170.0,CESSY,1,Maison,64.0,3.0,731.0
20/01/2025,Vente,"82000,00",1500.0,AMBERIEU-EN-BUGEY,1,Maison,70.0,2.0,65.0
14/02/2025,Vente,"180000,00",1300.0,CHAZEY-BONS,1,Maison,73.0,3.0,158.0
28/02/2025,Vente,"237000,00",1100.0,OYONNAX,1,Maison,92.0,3.0,232.0
03/03/2025,Vente,"725550,00",1210.0,ORNEX,1,Maison,135.0,5.0,871.0
04/02/2025,Vente,"360000,00",1120.0,LA BOISSE,1,Maison,102.0,4.0,658.0
04/02/2025,Vente,"519750,00",1170.0,GEX,1,Maison,158.0,4.0,633.0
17/02/2025,Vente,"370000,00",1000.0,BOURG-EN-BRESSE,1,Appartement,73.0,3.0,120.0
21/02/2025,Vente,"920000,00",1100.0,BELLIGNAT,1,Appartement,31.0,2.0,678.0
12/02/2025,Vente,"365000,00",1300.0,MASSIGNIEU-DE-RIVES,1,Maison,133.0,5.0,878.0
10/01/2025,Vente,"345000,00",1580.0,SONTHONNAX-LA-MONTAGNE,1,Maison,190.0,6.0,774.0
20/02/2025,Vente,"375000,00",1500.0,AMBERIEU-EN-BUGEY,1,Maison,132.0,5.0,366.0
14/01/2025,Vente,"285000,00",1400.0,NEUVILLE-LES-DAMES,1,Maison,105.0,4.0,1007.0
05/02/2025,Vente,"310000,00",1300.0,CHAZEY-BONS,1,Maison,107.0,5.0,846.0
21/01/2025,Vente,"810000,00",1170.0,ECHENEVEX,1,Maison,123.0,5.0,503.0
17/02/2025,Vente,"370000,00",1000.0,BOURG-EN-BRESSE,1,Appartement,21.0,1.0,120.0
28/01/2025,Vente,"265000,00",1290.0,SAINT-JEAN-SUR-VEYLE,1,Maison,145.0,5.0,2505.0
22/01/2025,Vente,"175000,00",1190.0,SERMOYER,1,Maison,84.0,3.0,564.0
31/01/2025,Vente,"240000,00",1150.0,SAINT-VULBAS,1,Maison,84.0,4.0,190.0
04/02/2025,Vente,"100000,00",1260.0,VALROMEY-SUR-SERAN,1,Maison,103.0,4.0,433.0
13/02/2025,Vente,"170000,00",1370.0,VAL-REVERMONT,1,Maison,83.0,5.0,952.0
08/01/2025,Vente,"277000,00",1640.0,SAINT-JEAN-LE-VIEUX,1,Maison,97.0,4.0,397.0
03/03/2025,Vente,"200000,00",1960.0,PERONNAS,1,Maison,82.0,5.0,709.0
31/01/2025,Vente,"280000,00",1000.0,SAINT-DENIS-LES-BOURG,1,Maison,107.0,5.0,816.0
20/02/2025,Vente,"182000,00",1150.0,SAINT-SORLIN-EN-BUGEY,1,Maison,90.0,3.0,72.0
15/01/2025,Vente,"361000,00",1340.0,BRESSE VALLONS,1,Maison,195.0,5.0,500.0
04/03/2025,Vente,"340000,00",1500.0,SAINT-DENIS-EN-BUGEY,1,Maison,113.0,4.0,1606.0
22/01/2025,Vente,"244000,00",1580.0,IZERNORE,1,Maison,90.0,4.0,195.0
13/03/2025,Vente,"253200,00",1500.0,DOUVRES,1,Maison,110.0,4.0,317.0
23/01/2025,Vente,"230000,00",1320.0,CHALAMONT,1,Maison,94.0,4.0,747.0
13/02/2025,Vente,"92000,00",1600.0,MASSIEUX,1,Maison,65.0,3.0,424.0
11/02/2025,Vente,"280000,00",1300.0,ANDERT-CONDON,1,Maison,113.0,5.0,964.0
06/03/2025,Vente,"233500,00",1340.0,FOISSIAT,1,Maison,110.0,5.0,1806.0
16/01/2025,Vente,"400000,00",1600.0,MISERIEUX,1,Maison,183.0,5.0,500.0
10/01/2025,Vente,"160000,00",1150.0,BLYES,1,Maison,101.0,4.0,345.0
13/03/2025,Vente,"210000,00",1240.0,SAINT-PAUL-DE-VARAX,1,Maison,103.0,4.0,450.0
03/02/2025,Vente,"100000,00",1380.0,BAGE-LE-CHATEL,1,Appartement,43.0,2.0,232.0
20/02/2025,Vente,"620000,00",1210.0,FERNEY-VOLTAIRE,1,Appartement,63.0,2.0,249.0
09/01/2025,Vente,"147440,00",1000.0,BOURG-EN-BRESSE,1,Maison,85.0,4.0,925.0
10/03/2025,Vente,"160000,00",1320.0,CHALAMONT,1,Maison,86.0,5.0,732.0
23/02/2025,Vente,"102000,00",1250.0,CEYZERIAT,1,Maison,148.0,6.0,600.0
25/02/2025,Vente,"182000,00",1300.0,CONTREVOZ,1,Maison,120.0,7.0,367.0
25/02/2025,Vente,"195000,00",1600.0,SAINTE-EUPHEMIE,1,Maison,72.0,3.0,340.0
28/02/2025,Vente,"29000,00",1450.0,PONCIN,1,Maison,36.0,2.0,62.0
13/03/2025,Vente,"230000,00",1800.0,MEXIMIEUX,1,Appartement,50.0,2.0,95.0
20/02/2025,Echange,"582000,00",1500.0,AMBERIEU-EN-BUGEY,1,Maison,232.0,7.0,1000.0
06/02/2025,Vente,"515000,00",1170.0,GEX,1,Appartement,15.0,1.0,72.0
27/01/2025,Vente,"144000,00",1800.0,VILLIEU-LOYES-MOLLON,1,Maison,90.0,3.0,672.0
31/01/2025,Vente,"700000,00",1000.0,SAINT-DENIS-LES-BOURG,1,Appartement,30.0,1.0,1286.0
13/01/2025,Vente,"398300,00",1700.0,MIRIBEL,1,Maison,80.0,4.0,193.0
30/01/2025,Vente,"229063,00",1480.0,MESSIMY SUR SAONE,1,Maison,63.0,3.0,166.0
07/01/2025,Vente,"630000,00",1550.0,POUGNY,1,Maison,100.0,3.0,761.0
25/02/2025,Vente,"60191,00",1090.0,MONTMERLE-SUR-SAONE,1,Maison,96.0,4.0,834.0
20/02/2025,Vente,"160000,00",1000.0,BOURG-EN-BRESSE,1,Maison,75.0,5.0,413.0
14/02/2025,Vente,"280000,00",1400.0,NEUVILLE-LES-DAMES,1,Appartement,36.0,2.0,351.0
25/02/2025,Vente,"86450,00",1350.0,CULOZ-BEON,1,Maison,46.0,2.0,42.0
12/03/2025,Vente,"300000,00",1500.0,AMBERIEU-EN-BUGEY,1,Maison,161.0,5.0,949.0
30/01/2025,Vente,"400000,00",1350.0,CEYZERIEU,1,Maison,137.0,4.0,1343.0
04/03/2025,Vente,"235000,00",1560.0,LESCHEROUX,1,Maison,120.0,3.0,1165.0
24/01/2025,Vente,"148000,00",1190.0,CHEVROUX,1,Appartement,100.0,4.0,621.0
13/03/2025,Vente,"439000,00",1160.0,NEUVILLE-SUR-AIN,1,Maison,100.0,4.0,420.0
06/02/2025,Vente,"379000,00",1200.0,VALSERHONE,1,Maison,103.0,4.0,662.0
05/03/2025,Vente,"116000,00",1240.0,SAINT-ANDRE-LE-BOUCHOUX,1,Maison,116.0,5.0,550.0
17/02/2025,Vente,"240000,00",1660.0,MEZERIAT,1,Maison,97.0,4.0,1150.0
14/01/2025,Vente,"460000,00",1120.0,LA BOISSE,1,Maison,180.0,3.0,1024.0
21/02/2025,Vente,"920000,00",1100.0,BELLIGNAT,1,Appartement,51.0,3.0,678.0
15/01/2025,Vente,"120000,00",1140.0,PEYZIEUX-SUR-SAONE,1,Maison,90.0,4.0,294.0
21/03/2025,Vente,"880000,00",1220.0,DIVONNE-LES-BAINS,1,Maison,84.0,4.0,760.0
17/01/2025,Vente,"557900,00",1480.0,ARS-SUR-FORMANS,1,Maison,149.0,6.0,1200.0
02/01/2025,Vente,"182500,00",1470.0,BRIORD,1,Maison,47.0,2.0,641.0
26/02/2025,Vente,"310200,00",1090.0,MONTMERLE-SUR-SAONE,1,Maison,101.0,5.0,949.0
13/03/2025,Vente,"282000,00",1350.0,CULOZ-BEON,1,Maison,86.0,4.0,598.0
29/01/2025,Vente,"430240,00",1700.0,MIRIBEL,1,Maison,115.0,6.0,292.0
08/01/2025,Vente,"490500,00",1390.0,TRAMOYES,1,Maison,117.0,5.0,508.0
10/01/2025,Vente,"211446,00",1310.0,SAINT-MARTIN-LE-CHATEL,1,Maison,122.0,7.0,1106.0
18/03/2025,Vente,"255000,00",1140.0,GARNERANS,1,Maison,85.0,4.0,700.0
03/02/2025,Vente,"272000,00",1090.0,GUEREINS,1,Maison,97.0,4.0,412.0
28/02/2025,Vente,"265000,00",1290.0,SAINT-ANDRE-D HUIRIAT,1,Maison,106.0,5.0,1467.0
18/02/2025,Vente,"82000,00",1190.0,CHEVROUX,1,Maison,82.0,3.0,2794.0
06/02/2025,Vente,"320000,00",1480.0,MESSIMY SUR SAONE,1,Maison,125.0,5.0,636.0
04/02/2025,Vente,"140000,00",1000.0,BOURG-EN-BRESSE,1,Maison,60.0,3.0,325.0
06/02/2025,Vente,"315000,00",1200.0,VALSERHONE,1,Maison,166.0,6.0,539.0
23/01/2025,Vente,"85000,00",1230.0,TENAY,1,Appartement,113.0,5.0,96.0
21/01/2025,Vente,"310680,00",1600.0,REYRIEUX,1,Maison,101.0,5.0,782.0
30/01/2025,Vente,"205000,00",1100.0,OYONNAX,1,Maison,60.0,3.0,161.0
21/01/2025,Vente,"950000,00",1220.0,DIVONNE-LES-BAINS,1,Maison,116.0,5.0,452.0
24/01/2025,Vente,"215000,00",1750.0,REPLONGES,1,Maison,89.0,5.0,526.0
20/02/2025,Vente,"330000,00",1000.0,BOURG-EN-BRESSE,1,Maison,112.0,5.0,887.0
31/01/2025,Vente,"299000,00",1480.0,JASSANS-RIOTTIER,1,Maison,104.0,4.0,282.0
04/02/2025,Vente,"186000,00",1470.0,BRIORD,1,Maison,138.0,5.0,830.0
12/02/2025,Vente,"590000,00",1170.0,CHEVRY,1,Maison,99.0,5.0,1000.0
14/02/2025,Vente,"320000,00",1800.0,MEXIMIEUX,1,Maison,75.0,4.0,624.0
10/02/2025,Vente,"235000,00",1310.0,BUELLAS,1,Maison,97.0,4.0,1065.0
07/03/2025,Vente,"305000,00",1580.0,IZERNORE,1,Maison,150.0,5.0,1770.0
17/01/2025,Vente,"310000,00",1120.0,PIZAY,1,Maison,88.0,4.0,1100.0
22/01/2025,Vente,"375000,00",1660.0,VANDEINS,1,Maison,129.0,6.0,358.0
13/01/2025,Vente,"320000,00",1240.0,SAINT-ANDRE-LE-BOUCHOUX,1,Maison,60.0,4.0,1713.0
07/01/2025,Vente,"200000,00",1170.0,VESANCY,1,Maison,73.0,4.0,185.0
05/02/2025,Vente,"290000,00",1600.0,SAINT-DIDIER-DE-FORMANS,1,Maison,92.0,4.0,1131.0
11/03/2025,Vente,"200000,00",1440.0,VIRIAT,1,Appartement,70.0,3.0,345.0
16/01/2025,Vente,"400000,00",1600.0,MISERIEUX,1,Maison,183.0,5.0,754.0
14/02/2025,Vente,"216566,56",1310.0,MONTRACOL,1,Maison,87.0,4.0,300.0
15/01/2025,Vente,"275000,00",1540.0,VONNAS,1,Maison,146.0,7.0,791.0
06/03/2025,Vente,"292000,00",1310.0,BUELLAS,1,Maison,92.0,4.0,890.0
14/02/2025,Vente,"145000,00",1380.0,BAGE-DOMMARTIN,1,Maison,53.0,3.0,1026.0
21/01/2025,Vente,"430500,00",1120.0,MONTLUEL,1,Maison,123.0,5.0,500.0
05/02/2025,Vente,"150000,00",1410.0,CHEZERY-FORENS,1,Maison,130.0,4.0,935.0
07/03/2025,Vente,"140000,00",1430.0,VIEU-D IZENAVE,1,Maison,92.0,3.0,563.0
07/01/2025,Vente,"115950,00",1500.0,AMBERIEU-EN-BUGEY,1,Maison,99.0,4.0,49.0
24/01/2025,Vente,"175000,00",1150.0,LAGNIEU,1,Appartement,47.0,2.0,165.0
14/01/2025,Vente,"619150,00",1550.0,COLLONGES,1,Maison,146.0,6.0,986.0
17/01/2025,Vente,"190000,00",1340.0,MARSONNAS,1,Maison,101.0,3.0,592.0
13/02/2025,Vente,"1900000,00",1630.0,ST-GENIS-POUILLY,1,Maison,15.0,1.0,12906.0
29/01/2025,Vente,"250000,00",1570.0,FEILLENS,1,Appartement,230.0,6.0,791.0
03/03/2025,Vente,"219000,00",1510.0,ARTEMARE,1,Maison,120.0,7.0,87.0
07/01/2025,Vente,"190000,00",1420.0,SEYSSEL,1,Maison,57.0,4.0,57.0
10/01/2025,Vente,"330000,00",1350.0,CULOZ-BEON,1,Maison,113.0,4.0,558.0
